replication,seed,method,method_name,success,failure_stage,seconds,simulation_seconds,iterations,evaluations,objective,message,sigma,relative_engel_slope,epsilon_a,epsilon_s,epsilon_ratio_a,epsilon_ratio_s,epsilon_difference_a,epsilon_difference_s,coefficient_a,coefficient_s
1,1,1,loglinear_gmm,True,,0.11466039999504574,0.004639599996153265,2,78,0.0026666476354113822,`ftol` termination condition is satisfied.,0.5003801570327207,-0.2814092367887634,0.20039363703482688,2.5064258531222317,0.10019681851741344,1.2532129265611158,,,,
1,1,2,nonlinear_gmm,True,,0.3544121000159066,0.004639599996153265,2,97,0.0050654873175426714,`ftol` termination condition is satisfied.,0.5002925528948153,-0.2809637228868049,0.20065270488097608,2.5055513148029434,0.10032635244048804,1.2527756574014717,,,,
1,1,3,iterative_sur,True,,0.016818000003695488,0.004639599996153265,4,0,1.682507512360207e-05,Iterative SUR converged.,0.5082579472194242,-0.2813350865968453,0.16304057802683936,2.51680113805571,0.08152028901341968,1.258400569027855,,,,
1,1,4,expenditure_ols,True,,0.0042224999924656,0.004639599996153265,1,0,0.0006080420653565181,OLS coefficients only; sigma and epsilon levels are not identified here.,,-0.28096899086383426,,,,,,,-0.4397442625458882,0.1235545016856792
1,1,5,tornqvist_sur,True,,0.00577970000449568,0.004639599996153265,2,0,0.0006001555516455832,"Two-step SUR completed. Tornqvist slopes are approximate coefficients, not epsilon levels.",0.5064591345819421,-0.28110826859467464,,,,,,,-0.446525405017524,0.12552198348801202
1,1,6,hybrid_gmm,True,,0.02471769999829121,0.004639599996153265,2,13,0.003790225645488556,Two-step SUR completed. `ftol` termination condition is satisfied.,0.5064591345819421,-0.2811082685946747,0.17701047717133922,2.512457428428597,0.08850523858566961,1.2562287142142985,,,-0.446525405017524,0.12552198348801202
1,1,7,known_consumption_sur,True,,0.008534499997040257,0.004639599996153265,2,0,0.0002372602402576201,Two-step SUR completed.,0.49947513371348007,-0.2809595499964608,0.20952961680143467,2.5030497531454596,,,-1.7904703831985653,0.5030497531454596,-0.896174949140436,0.251788910428598
2,2,1,loglinear_gmm,True,,0.08202060000621714,0.004338700004154816,2,65,0.001394421961106119,`ftol` termination condition is satisfied.,0.5001122079716988,-0.2797520376086503,0.19533263363706668,2.5048593729458672,0.09766631681853334,1.2524296864729336,,,,
2,2,2,nonlinear_gmm,True,,0.16253989998949692,0.004338700004154816,2,51,0.003327724497897716,`ftol` termination condition is satisfied.,0.4999144341037708,-0.27976174901878825,0.19900193651859013,2.50385036821901,0.09950096825929507,1.251925184109505,,,,
2,2,3,iterative_sur,True,,0.015081799996551126,0.004338700004154816,4,0,4.8066613629604584e-05,Iterative SUR converged.,0.5060016888337914,-0.28196198828997565,0.18185874952549708,2.5126467219758135,0.09092937476274854,1.2563233609879068,,,,
2,2,4,expenditure_ols,True,,0.004084200016222894,0.004338700004154816,1,0,0.000663075328419797,OLS coefficients only; sigma and epsilon levels are not identified here.,,-0.2800116612660468,,,,,,,-0.4378326974613536,0.1225982609727481
2,2,5,tornqvist_sur,True,,0.005689799989340827,0.004338700004154816,2,0,0.0006076317581207637,"Two-step SUR completed. Tornqvist slopes are approximate coefficients, not epsilon levels.",0.5024415610948585,-0.2814767730704993,,,,,,,-0.44460161139676213,0.1251450268779047
2,2,6,hybrid_gmm,True,,0.026733700011391193,0.004338700004154816,2,15,0.001631765206034107,Two-step SUR completed. `ftol` termination condition is satisfied.,0.5024415610948585,-0.2814767730704992,0.1871339317724161,2.5102796908937037,0.09356696588620805,1.2551398454468519,,,-0.44460161139676213,0.1251450268779047
2,2,7,known_consumption_sur,True,,0.007229700015159324,0.004338700004154816,2,0,0.000231564106251606,Two-step SUR completed.,0.500393917059482,-0.2814029365048859,0.19937756786749894,2.5067004399386557,,,-1.800622432132501,0.5067004399386554,-0.8996019201725476,0.25315062202198885
3,3,1,loglinear_gmm,True,,0.08873399998992682,0.004167999984929338,2,71,0.002773598109596668,`ftol` termination condition is satisfied.,0.5009493124537607,-0.279495402934049,0.19777852523833586,2.5037126172649073,0.09888926261916793,1.2518563086324537,,,,
3,3,2,nonlinear_gmm,True,,0.34904390000156127,0.004167999984929338,2,113,0.007044510334920278,`ftol` termination condition is satisfied.,0.5013033834705327,-0.27944468951073453,0.19638558280312174,2.504010470810666,0.09819279140156087,1.252005235405333,,,,
3,3,3,iterative_sur,True,,0.014080699998885393,0.004167999984929338,4,0,9.013051892972332e-05,Iterative SUR converged.,0.5092450707299241,-0.27848094764020803,0.15975121476944687,2.512474225604746,0.07987560738472343,1.256237112802373,,,,
3,3,4,expenditure_ols,True,,0.0034346999891567975,0.004167999984929338,1,0,0.0007292472984866311,OLS coefficients only; sigma and epsilon levels are not identified here.,,-0.27839732285409063,,,,,,,-0.4402256066247602,0.12255763033615126
3,3,5,tornqvist_sur,True,,0.007611199980601668,0.004167999984929338,2,0,0.0006512324088834881,"Two-step SUR completed. Tornqvist slopes are approximate coefficients, not epsilon levels.",0.5050400271478335,-0.2785091710775355,,,,,,,-0.4466324971021515,0.12439124654420998
3,3,6,hybrid_gmm,True,,0.023655600001802668,0.004167999984929338,2,17,0.0033874291463738327,Two-step SUR completed. `xtol` termination condition is satisfied.,0.5050400271478335,-0.2785091710775355,0.1801011907752057,2.5068585088021913,0.09005059538760285,1.2534292544010956,,,-0.4466324971021515,0.12439124654420998
3,3,7,known_consumption_sur,True,,0.007582299993373454,0.004167999984929338,2,0,0.0002596852961817582,Two-step SUR completed.,0.501516474185824,-0.27790745257790705,0.1918012398400697,2.502511911190576,,,-1.8081987601599303,0.5025119111905761,-0.9013572933373436,0.2504939092538985
4,4,1,loglinear_gmm,True,,0.10379709998960607,0.004529700003331527,2,85,0.0018192080180562224,`ftol` termination condition is satisfied.,0.500334811444224,-0.2784502828932561,0.19913361838489915,2.5014517534136793,0.09956680919244958,1.2507258767068397,,,,
4,4,2,nonlinear_gmm,True,,0.29155500000342727,0.004529700003331527,2,90,0.00426730775926,`ftol` termination condition is satisfied.,0.5010676750680622,-0.27800430327078135,0.19747990669996604,2.50110834266946,0.09873995334998302,1.25055417133473,,,,
4,4,3,iterative_sur,True,,0.01637050000135787,0.004529700003331527,4,0,2.986858662036108e-05,Iterative SUR converged.,0.5080767145891685,-0.2767497160322056,0.1902970998423097,2.5008347637212998,0.09514854992115485,1.2504173818606499,,,,
4,4,4,expenditure_ols,True,,0.0033067999756895006,0.004529700003331527,1,0,0.0006442140792588464,OLS coefficients only; sigma and epsilon levels are not identified here.,,-0.27808889378340607,,,,,,,-0.443766476611347,0.12340652857900923
4,4,5,tornqvist_sur,True,,0.005652399995597079,0.004529700003331527,2,0,0.0005896451448418134,"Two-step SUR completed. Tornqvist slopes are approximate coefficients, not epsilon levels.",0.5037184338537739,-0.2775757819149547,,,,,,,-0.44853765292065567,0.12450318972774956
4,4,6,hybrid_gmm,True,,0.027230000006966293,0.004529700003331527,2,15,0.002290335376208797,Two-step SUR completed. `xtol` termination condition is satisfied.,0.5037184338537739,-0.27757578191495474,0.18583334972784482,2.5035687264733277,0.09291667486392241,1.2517843632366639,,,-0.44853765292065567,0.12450318972774956
4,4,7,known_consumption_sur,True,,0.008051599987084046,0.004529700003331527,2,0,0.0002463004200939839,Two-step SUR completed.,0.5012033310788612,-0.27826386230136074,0.19749782681313088,2.5015712165175743,,,-1.8025021731868691,0.5015712165175744,-0.899082079708724,0.2501820520256894
5,5,1,loglinear_gmm,True,,0.09024949997547083,0.003951599996071309,2,78,0.0008783191113459004,`ftol` termination condition is satisfied.,0.5014166320473539,-0.2757259494412035,0.195377927763997,2.497581134249824,0.0976889638819985,1.248790567124912,,,,
5,5,2,nonlinear_gmm,True,,0.32437889999710023,0.003951599996071309,2,109,0.0019138677195858185,`ftol` termination condition is satisfied.,0.500052102706815,-0.27620721302889667,0.19668502864189588,2.4980886024521065,0.09834251432094794,1.2490443012260533,,,,
5,5,3,iterative_sur,True,,0.011876100004883483,0.003951599996071309,3,0,9.849125723041813e-05,Iterative SUR converged.,0.507567946378968,-0.2775547662892877,0.16783755189415772,2.5085254200880263,0.08391877594707886,1.2542627100440131,,,,
5,5,4,expenditure_ols,True,,0.0038898999919183552,0.003951599996071309,1,0,0.0007528359382942975,OLS coefficients only; sigma and epsilon levels are not identified here.,,-0.27818584922465484,,,,,,,-0.4340491435872948,0.12074632961406574
5,5,5,tornqvist_sur,True,,0.00609830001485534,0.003951599996071309,2,0,0.0005819363380078073,"Two-step SUR completed. Tornqvist slopes are approximate coefficients, not epsilon levels.",0.5031500175559143,-0.2770491265065065,,,,,,,-0.4430721157259057,0.12275274264125192
5,5,6,hybrid_gmm,True,,0.02255739999236539,0.003951599996071309,2,15,0.0009722392075548156,Two-step SUR completed. `xtol` termination condition is satisfied.,0.5031500175559143,-0.2770491265065064,0.18884712455268549,2.501778322112426,0.09442356227634274,1.250889161056213,,,-0.4430721157259057,0.12275274264125192
5,5,7,known_consumption_sur,True,,0.007350600004428998,0.003951599996071309,2,0,0.00024154241454420804,Two-step SUR completed.,0.5001638164189008,-0.2768262027682196,0.19712899891955638,2.499081933310038,,,-1.8028710010804436,0.499081933310038,-0.9011401606690848,0.24945920883996606
