method,method_name,metric,runs,successful,used,truth,mean,bias,rmse,sd,mcse_mean,interpretation
1,loglinear_gmm,sigma,100,100,100,0.5,0.5004173295164729,0.00041732951647289627,0.001185471257298678,0.0011151745691860989,0.00011151745691860989,structural target
1,loglinear_gmm,epsilon_a,100,100,100,0.2,0.19844003136629493,-0.0015599686337050855,0.005407840125302067,0.0052040420074045985,0.0005204042007404599,structural target
1,loglinear_gmm,epsilon_s,100,100,100,2.5,2.4992838346708837,-0.0007161653291160919,0.004749717099235467,0.0047190693895272995,0.00047190693895272993,structural target
1,loglinear_gmm,relative_engel_slope,100,100,100,-0.2777777777777778,-0.27714057086505856,0.0006372069127192076,0.0026517502154457585,0.002587020156161006,0.0002587020156161006,structural target
2,nonlinear_gmm,sigma,100,100,100,0.5,0.5008632614839859,0.0008632614839858505,0.001487637665602824,0.0012176502601101138,0.00012176502601101138,structural target
2,nonlinear_gmm,epsilon_a,100,100,100,0.2,0.19667857181272436,-0.003321428187275638,0.006421631926391455,0.00552363803724373,0.000552363803724373,structural target
2,nonlinear_gmm,epsilon_s,100,100,100,2.5,2.499670012862417,-0.00032998713758294776,0.004724580532146771,0.004736785946696162,0.0004736785946696162,structural target
2,nonlinear_gmm,relative_engel_slope,100,100,100,-0.2777777777777778,-0.2770842731661945,0.0006935046115832921,0.0026850953682816567,0.0026070588890529907,0.00026070588890529905,structural target
3,iterative_sur,sigma,100,100,100,0.5,0.5077494694537978,0.007749469453797841,0.007984674292002187,0.0019334239095853782,0.00019334239095853783,structural target
3,iterative_sur,epsilon_a,100,100,100,0.2,0.18141611281745396,-0.018583887182546062,0.023460680211709283,0.01439144854048479,0.001439144854048479,structural target
3,iterative_sur,epsilon_s,100,100,100,2.5,2.504965130787818,0.004965130787817791,0.007357065583745799,0.005456336346548615,0.0005456336346548616,structural target
3,iterative_sur,relative_engel_slope,100,100,100,-0.2777777777777778,-0.2776720257722793,0.00010575200549845343,0.002362457622855811,0.002371979213018636,0.0002371979213018636,structural target
4,expenditure_ols,coefficient_a,100,100,100,,-0.43939629186777834,,,0.0036678483420734447,0.00036678483420734447,proxy coefficient
4,expenditure_ols,coefficient_s,100,100,100,,0.12202685174764871,,,0.0015169340470060938,0.0001516934047006094,proxy coefficient
4,expenditure_ols,relative_engel_slope,100,100,100,-0.2777777777777778,-0.27771891167652085,5.8866101256909164e-05,0.00296804182179226,0.0029824075147218605,0.00029824075147218604,approximation to structural ratio
5,tornqvist_sur,sigma,100,100,100,0.5,0.5042733505304879,0.00427335053048787,0.004552382399665119,0.0015771924795455802,0.00015771924795455802,structural target
5,tornqvist_sur,coefficient_a,100,100,100,,-0.44582304135382456,,,0.0024255610400991186,0.00024255610400991185,proxy coefficient
5,tornqvist_sur,coefficient_s,100,100,100,,0.12382968354616286,,,0.001060643756283884,0.0001060643756283884,proxy coefficient
5,tornqvist_sur,relative_engel_slope,100,100,100,-0.2777777777777778,-0.27775901956593874,1.8758211839072782e-05,0.0023338360276755113,0.0023455176968479865,0.00023455176968479864,approximation to structural ratio
6,hybrid_gmm,sigma,100,100,100,0.5,0.5042733505304879,0.00427335053048787,0.004552382399665119,0.0015771924795455802,0.00015771924795455802,structural target
6,hybrid_gmm,epsilon_a,100,100,100,0.2,0.18298978627636917,-0.017010213723630842,0.018300096874024768,0.006782789768638516,0.0006782789768638516,structural target
6,hybrid_gmm,epsilon_s,100,100,100,2.5,2.5046888936855627,0.004688893685562774,0.006433279325961114,0.004426887418205127,0.0004426887418205127,structural target
6,hybrid_gmm,relative_engel_slope,100,100,100,-0.2777777777777778,-0.27775901956593874,1.875821183909443e-05,0.002333836027675495,0.00234551769684797,0.00023455176968479701,structural target
7,known_consumption_sur,sigma,100,100,100,0.5,0.5005206242007427,0.000520624200742833,0.0011613248576440042,0.0010433172941853378,0.00010433172941853378,structural target
7,known_consumption_sur,epsilon_a,100,100,100,0.2,0.1978855325720361,-0.002114467427963955,0.0059198822849815015,0.005557235138807541,0.0005557235138807541,structural target
7,known_consumption_sur,epsilon_s,100,100,100,2.5,2.5007067330801362,0.0007067330801362948,0.003709935566887568,0.0036603458278823054,0.00036603458278823054,structural target
7,known_consumption_sur,coefficient_a,100,100,100,-0.9,-0.9001148859178933,-0.0001148859178934225,0.0019290602875703178,0.0019353372109666537,0.00019353372109666536,structural target
7,known_consumption_sur,coefficient_s,100,100,100,0.25,0.2500913743844875,9.13743844874701e-05,0.0017118046326231806,0.0017179756180963261,0.00017179756180963262,structural target
7,known_consumption_sur,relative_engel_slope,100,100,100,-0.2777777777777778,-0.2778477994299991,-7.002165222136758e-05,0.0023366878561538323,0.002347404994326904,0.00023474049943269037,structural target
